<?xml version="1.0" encoding="UTF-8"?>
<addon id="xbmc_doplnky"
       version="1.0.2"
       name="XBMC Doplňky (CZ &amp; SK)"
       provider-name="Libor Zoubek">
  <requires>
    <import addon="xbmc.addon" version="0.1"/>
  </requires>
  <extension point="xbmc.addon.repository"
              name="repozitář českých a slovenských doplňků">
    <info compressed="false">http://cdn.rawgit.com/archivczsk/archivczsk-doplnky/{commit}/addons.xml</info>
    <checksum>http://cdn.rawgit.com/archivczsk/archivczsk-doplnky/{commit}/addons.xml.md5</checksum>
    <datadir zip="false">http://cdn.rawgit.com/archivczsk/archivczsk-doplnky/{commit}/repo</datadir>
  </extension>
  <extension point="xbmc.addon.metadata">
    <summary>XBMC Doplňky (CZ &amp; SK)</summary>
    <description>
        This repository contains mostly video addons for czech users.

        Please send feedback, patches or fire any issues on https://github.com/archivczsk/archivczsk-doplnky
    </description>
    <description lang="cs">
        Tento repozitář obsahuje video doplňky pro česky a slovensky mluvící uživatele.

        Máte-li jakékoliv poznámky, náměty, doplňky k začlenění nebo chcete nahlásit chybu, navštivte https://github.com/archivczsk/archivczsk-doplnky
    </description>
    <platform>all</platform>
  </extension>
</addon>
